Row Labels,Sum of latitude,Sum of housing_median_age,Sum of total_rooms,Sum of total_bedrooms,Sum of population,Sum of households,Sum of median_income,Sum of median_house_value
-124.35,40.54,52,1820,300,806,270,3.0147,94600
-124.3,83.64,36,5349,1083,2542,934,5.011,189400
-124.27,40.69,36,2349,528,1194,465,2.5179,79000
-124.26,40.58,52,2217,394,907,369,2.3571,111400
-124.25,40.28,32,1430,419,434,187,1.9417,76100
-124.23,123.1,115,6965,1278,3039,1086,8.9073,230700
-124.22,41.73,28,3003,699,1530,653,1.7038,78300
-124.21,124.27,69,8489,1840,4560,1636,6.2397,193400
-124.19,164.06,103,13180,2723,6559,2455,9.4679,303700
-124.18,244.54,218,8307,1720,4624,1658,13.4893,451500
-124.17,491.17,392,22590,4619,10994,4371,31.0282,1047600
-124.16,614.11,596,29834,6301,13999,5934,34.8084,1225400
-124.15,368,324,18312,3512,10641,3365,22.5767,763000
-124.14,530.47,346,25835,5217,12554,5006,36.2712,1282200
-124.13,244.33,207,11460,2093,5450,2055,16.6549,530700
-124.11,204.19,117,8094,1614,4110,1571,14.2747,415700
-124.1,325.97,253,16284,3412,8837,3310,20.1647,646600
-124.09,367.23,268,17545,3784,8829,3585,19.0819,818800
-124.08,285.99,142,12714,3185,6573,2827,13.5703,709700
-124.07,122.55,101,4202,871,2595,850,5.9733,372000
-124.06,122.87,68,9533,1223,4878,1685,8.2591,357000
-124.05,122.38,77,5744,985,2458,935,11.9893,403800
-124.03,40.45,34,1006,213,443,158,2.6094,71300
-124.02,81.52,50,6101,1069,2856,1040,7.7887,253800
-124.01,81.86,49,2983,655,1754,615,5.9939,178300
-124,81.14,45,3517,535,1488,592,4.2675,169500
-123.98,40.88,41,1719,372,844,336,2.6923,84200
-123.96,40.57,31,1854,365,883,310,2.3167,92600
-123.92,41.54,22,2920,636,1382,499,2.0202,71100
-123.91,41.68,22,1880,360,743,314,2.9688,152700
-123.88,40.93,28,1272,259,519,220,3.2891,106300
-123.85,120.13,65,7413,1656,3415,1465,5.99,327200
-123.84,119.57,94,5420,1189,2160,866,6.1432,330200
-123.83,41.88,18,1504,357,660,258,3.13,116700
-123.82,80.28,52,5268,1225,2405,939,3.3097,159200
-123.81,78.65,40,4735,948,1660,757,6.5217,502000
-123.8,157.81,148,7767,1647,3673,1521,9.5521,470500
-123.79,157.82,125,7058,1469,3727,1453,11.8234,492600
-123.78,40.05,17,2019,496,899,347,2.1864,101900
-123.76,41.03,24,2386,565,1058,414,2.0644,79800
-123.75,79.48,51,3429,773,1730,681,5.2125,252900
-123.74,40.66,25,2395,431,983,375,3.0469,136000
-123.73,119.09,77,7425,1717,2871,1187,6.7903,400900
-123.72,41.09,19,1970,431,1166,363,1.8208,50000
-123.71,39.88,42,1518,383,656,303,1.4952,69800
-123.7,39.32,18,1652,352,711,292,3.1071,213200
-123.69,38.9,17,2206,478,1140,428,2.1985,95300
-123.68,40.24,31,1852,452,917,359,1.725,54300
-123.66,41.3,22,1580,372,686,264,1.8065,62700
-123.64,39.45,21,3359,677,1908,642,3.0433,140700
-123.63,41.11,19,1797,384,1033,327,1.4911,59200
-123.59,38.8,17,5202,1037,1742,803,3.1201,176100
-123.58,39.66,15,1839,489,887,332,2.2429,100000
-123.54,39.17,18,2251,510,1032,369,2.2946,101000
-123.53,79.81,58,4386,954,1424,556,4.774,240600
-123.52,41.01,17,1564,345,517,222,2.1542,83800
-123.5,39.67,22,2124,450,1122,446,2.1793,71500
-123.49,38.7,9,5409,1019,594,327,3.3125,295400
-123.48,81.13,34,1137,268,503,184,4.619,143700
-123.47,39.8,18,2130,545,863,346,2.3571,79200
-123.43,40.22,20,133,35,87,37,3.625,67500
-123.41,122.28,57,2872,725,1111,452,4.5887,207900
-123.4,39.46,10,4086,831,2111,758,3.2156,104400
-123.39,38.99,28,1416,294,812,258,3.4063,109400
-123.38,81.17,43,5887,1290,2899,1120,4.94,179000
-123.37,39.43,32,2780,470,1281,479,3.588,96000
-123.36,157.07,119,5467,1191,2902,1095,9.7915,408300
-123.35,119.81,68,3081,743,1730,645,5.1375,215000
-123.34,117.99,57,10535,2214,5702,2040,7.2952,311700
-123.32,79.85,37,2746,578,1264,459,2.8905,149300
-123.28,40.77,25,767,206,301,121,1.625,79200
-123.26,41.86,25,2344,532,1117,424,2.7222,64600
-123.25,38.54,27,3658,764,1278,518,3.3536,157500
-123.24,78.51,63,2895,615,1315,435,4.4959,189200
-123.23,118.23,78,4055,767,1968,734,9.0871,351400
-123.22,276.6,212,18774,3806,9628,3438,21.1463,735300
-123.21,353.67,231,17288,3701,8933,3486,23.2356,1063800
-123.2,195.81,110,6778,1703,4224,1653,9.3378,477500
-123.19,117.48,76,4386,843,2249,833,8.5054,314400
-123.18,119.07,61,4760,903,2368,843,7.6392,382900
-123.17,118.64,80,4242,686,1864,641,10.9195,391799
-123.16,78.23,64,1738,385,1375,384,4.5563,215500
-123.15,117.99,64,3797,784,1753,618,8.531,320000
-123.13,40.85,18,1650,377,675,282,1.8933,84700
-123.12,40.54,23,1091,217,539,201,1.8696,61500
-123.11,79.92,43,3453,706,1737,566,4.5033,202500
-123.1,156.27,107,6519,1415,3405,1303,10.9898,480400
-123.08,120.04,72,6435,1457,2129,846,7.3893,333400
-123.07,77.58,55,1953,410,633,284,6.1944,205100
-123.04,38.49,30,3977,930,1387,582,2.6161,132500
-123.03,38.79,16,4047,769,1998,673,3.375,171900
-123.02,192.98,183,8480,1886,3474,1447,15.4135,805100
-123.01,154.74,123,5150,1054,2296,917,12.8289,631900
-123,76.84,41,4788,1027,1610,729,8.3171,517900
-122.99,39.02,14,1582,301,851,273,3.45,164100
-122.98,38.44,29,4450,939,1328,590,3.1,162100
-122.97,77.03,92,7173,1606,2369,1041,4.043,231400
-122.96,117.45,99,6149,1179,2001,763,9.3695,456900
-122.95,159.24,97,5657,1149,2649,965,10.7352,471800
-122.94,231.83,209,12851,2548,5161,1885,21.1223,1078000
-122.93,158.66,86,11892,2352,5241,2050,12.5702,633300
-122.92,197.85,121,11104,2159,4880,1827,15.4614,562200
-122.91,388.99,264,14478,2645,6369,2564,31.8984,1295900
-122.9,197.23,182,7644,1542,3245,1217,12.5184,540900
-122.89,273.42,126,11230,2169,4776,1818,23.2982,1185000
-122.88,115.94,65,6092,1173,2899,1086,9.8449,631700
-122.87,308.96,237,19930,3939,10191,3585,26.5538,1455700
-122.86,310.88,256,15721,3227,6289,2608,23.8844,1369600
-122.85,231.74,105,18752,3226,8375,2925,23.9695,1329200
-122.84,230.67,131,12512,2394,5942,2289,20.7393,1198900
-122.83,310.28,157,15002,3189,6347,2793,18.9171,1087800
-122.82,423.07,306,25924,4723,12250,4374,43.256,2426800
-122.81,194.37,93,11933,2448,5087,2030,17.3464,1009500
-122.8,154.02,105,8165,1732,3788,1441,12.211,742000
-122.79,311.88,122,27872,4156,13314,4951,22.8851,1163100
-122.78,270.29,136,19235,3591,8740,3308,22.7959,1313300
-122.77,153.93,125,8578,1481,4298,1388,14.5936,875600
-122.76,309.52,119,29116,5171,13394,4869,31.1155,1515800
-122.75,308.29,125,33289,6292,15461,5395,31.1866,1508000
-122.74,424.58,200,30224,6167,14744,5579,34.9608,1482899
-122.73,580.16,388,34280,7830,18326,7203,43.9933,2407800
-122.72,617.16,484,32947,5912,17449,6034,45.3932,2602100
-122.71,844.67,654,47782,10471,22187,9630,63.4942,4360200
-122.7,962.02,661,49034,9465,22253,8939,81.4403,4623900
-122.69,845.65,481,57411,10757,26501,10054,89.8491,4207900
-122.68,656.03,438,39649,7427,17290,6677,69.0117,3575300
-122.67,422.26,247,32019,6361,15605,6025,40.7581,2458200
-122.66,617.93,342,43057,8245,18697,7630,55.7745,2948200
-122.65,695.32,481,43344,7527,19013,7333,71.7275,3575300
-122.64,746.15,645,34007,6753,15159,6227,64.7269,3244001
-122.63,577.45,352,37242,7098,16714,6575,53.3573,2661200
-122.62,615.58,355,32772,5842,14212,5147,65.4318,3059700
-122.61,424.63,213,41582,7154,17180,6783,48.6802,2223500
-122.6,307.01,151,20100,3419,8825,3246,33.9335,1647800
-122.59,459.97,312,42975,7406,16935,6951,55.272,2994300
-122.58,420.85,292,48190,8655,20609,8166,50.3162,3104700
-122.57,499.52,411,51974,9506,22602,9026,57.9198,3664201
-122.56,655.94,536,51950,9423,21419,9100,95.6351,5632504
-122.55,646.58,515,53002,9540,22220,9117,85.5606,5831702
-122.54,834.14,805,65793,12390,27392,11847,115.3679,8251902
-122.53,1143.74,942,82779,15936,36354,15816,139.7611,9106802
-122.52,686.26,537,36559,7227,14958,6739,90.089,5919903
-122.51,759.73,559,62309,12861,29438,11940,79.2281,6059700
-122.5,1513.13,1590,92381,18483,48816,18339,180.0043,11944801
-122.49,2423.75,2474,148781,28077,71105,26989,302.01,21113206
-122.48,2233.31,2371,160128,32292,82034,32448,250.931,18287504
-122.47,2759.96,2944,206388,40238,103006,38407,335.4762,25119209
-122.46,2419.32,2604,164378,32147,89469,31209,315.0487,21594611
-122.45,2698.3,2904,184454,35708,92749,34574,316.6242,23459614
-122.44,3059.7,3614,215511,46244,99786,44798,357.8613,30378020
-122.43,3327.44,3943,255078,61064,121618,57112,335.5823,30568613
-122.42,3565.41,4076,217400,56663,123591,53088,314.6602,27718311
-122.41,3632.2,4257,207151,53641,132356,49804,323.6521,27549811
-122.4,1755.19,1800,99587,21822,53747,21069,162.2587,11804203
-122.39,1382.19,1336,70566,14280,34995,13761,136.5546,8565104
-122.38,1129.82,923,63951,13165,33102,12380,93.3422,6129802
-122.37,967.44,811,62360,12146,31160,11403,90.5523,5385004
-122.36,1312.51,1026,67245,13842,35136,12958,107.7297,5494503
-122.35,1343.94,1125,73794,16238,41329,15373,122.0244,6128303
-122.34,1497.08,1288,94830,19363,47326,18131,162.675,8658906
-122.33,1836.14,1485,124066,25583,59794,24195,194.7832,10434305
-122.32,1870.06,1498,121334,22944,60406,22130,208.1835,10824902
-122.31,2215.72,1929,157512,30581,75094,29417,226.5229,13921800
-122.3,2399.51,2211,135209,28931,65475,26956,217.9228,12648300
-122.29,2849.95,2904,168157,34235,80625,32614,276.6829,15701402
-122.28,3487.04,3836,191473,37263,92398,37265,315.804,20264702
-122.27,3911.19,3958,237023,50229,112711,47069,374.6538,23829105
-122.26,3642.73,3530,244481,54044,117821,50796,367.4952,23817904
-122.25,3570.33,3771,216841,47836,107656,45446,358.2374,23454304
-122.24,2812.34,3007,200264,37883,94051,36181,317.9294,18298404
-122.23,2747.73,2884,154597,30006,79902,28616,287.5667,15862605
-122.22,1931.31,1940,156754,29355,82418,28989,232.7605,11474805
-122.21,2157.09,2164,118725,23994,62618,22859,254.6937,13117809
-122.2,2125.54,1975,131518,24009,65151,22812,276.5153,13765909
-122.19,2127.59,2116,112011,21948,56609,20955,215.2399,10978204
-122.18,2276.8,2140,119460,21750,56301,20402,275.2196,12715606
-122.17,1897.9,1814,108107,20838,61338,19997,177.2205,8667903
-122.16,2078.37,2064,121114,22947,58625,22922,228.1617,11827701
-122.15,1768.97,1772,105429,18402,51626,21313,226.7371,13040709
-122.14,2078.5,1942,146551,26194,67299,25891,285.2888,14778110
-122.13,2037.76,1839,127672,24326,59519,23407,257.343,14714606
-122.12,1923.11,1628,120793,22012,55054,20989,268.4302,14528808
-122.11,1807.16,1364,121590,23675,57663,22479,246.407,13788308
-122.1,1850.86,1489,131196,23885,63937,23730,235.6449,12256006
-122.09,2372.88,1949,154903,30676,74689,29364,288.5691,16102105
-122.08,3278.96,2459,199695,36684,95420,35918,434.0155,22846409
-122.07,2790.68,1933,217808,43211,109476,41035,355.8132,19434308
-122.06,2224.42,1410,211276,41964,101695,39903,286.7299,15750307
-122.05,2111.18,1443,172934,34031,81255,32357,264.7561,14596701
-122.04,3609.94,2686,260913,50270,127929,47948,450.3465,24261603
-122.03,3118.98,2133,241839,46248,116615,44468,404.105,22618807
-122.02,2890.48,2091,187374,35208,94646,33761,392.5445,20939307
-122.01,2899.37,1971,227293,40235,105335,38516,399.3536,20465006
-122,2526.67,1702,200097,35924,94629,34624,340.9722,17164704
-121.99,2518.41,1597,193161,37031,95429,35573,335.125,17250303
-121.98,2518.32,1735,217874,41102,115623,39794,349.4371,17219803
-121.97,2253.22,1387,193693,36255,95956,35703,301.2512,15928101
-121.96,2591.51,1501,217447,41701,105167,39778,351.4621,18446402
-121.95,1985.2,1349,171009,31485,83455,31837,251.6704,14199101
-121.94,2402.69,1586,201693,37651,95169,35488,306.3562,16962002
-121.93,2096.65,1483,129530,24279,60804,23580,267.534,15760402
-121.92,2573.12,2124,210940,38596,94567,36010,310.5065,18945901
-121.91,2124.3,1688,150311,27880,70428,26014,265.4144,15128201
-121.9,2132.73,1694,151730,27375,75912,26756,255.7418,14249601
-121.89,2361.84,1754,166068,31430,81749,29856,287.5333,16389004
-121.88,2357.02,1726,177651,35905,104917,35735,272.8996,15117402
-121.87,2063.04,1321,151791,27870,81251,26630,278.6151,14184402
-121.86,1617.33,939,153632,30341,88108,29109,193.7058,9184701
-121.85,1510.6,891,123895,25599,79877,24789,171.4075,7929300
-121.84,2035.3,1374,163289,31835,96957,30286,213.3717,10320800
-121.83,2297.57,1394,188868,37914,121490,36352,247.2226,11312801
-121.82,1849.68,1336,136603,25025,78749,24427,208.842,10098400
-121.81,1655.69,943,112445,20319,64379,19400,224.0401,10143301
-121.8,1513.09,841,124515,23414,69233,22150,176.4146,7658800
-121.79,1282.63,685,148155,27031,93508,26008,150.341,6787000
-121.78,1023.97,566,86028,15545,43961,14685,124.7662,5489400
-121.77,1164.74,725,96891,17041,53289,17216,141.7574,6852400
-121.76,1093.27,724,77335,15545,46683,14758,108.8882,5879001
-121.75,826.12,606,68708,13534,39462,13235,84.3179,4393201
-121.74,679.52,383,53405,10731,25686,10426,66.1844,3992802
-121.73,451.21,283,53080,9892,26595,9319,43.7201,2326700
-121.72,264.99,120,23638,4219,12374,4003,29.2931,1672000
-121.71,383.62,230,27642,5055,14868,4832,36.2905,1437200
-121.7,795.81,486,53511,10149,26923,9615,77.4595,3928900
-121.69,452.71,301,25675,4711,12596,4345,48.6416,2255000
-121.68,419.7,227,45933,9167,24969,8850,42.5616,2012300
-121.67,654.69,396,53347,10086,25746,9527,55.3793,2662800
-121.66,560.27,321,50454,10073,28350,9607,59.0674,3141900
-121.65,683.06,453,61364,12722,32376,11782,56.9815,2849400
-121.64,682.45,384,61288,11393,35940,11043,69.3327,2973300
-121.63,927.1,592,54770,11132,29875,10437,69.1346,3071300
-121.62,1189.63,821,68917,14368,41426,13696,91.1153,4095700
-121.61,571.74,414,48533,10047,34394,9634,50.4594,2339500
-121.6,620.14,280,54779,9724,23784,8719,53.7298,2876800
-121.59,737.65,445,36190,7204,18338,6972,69.3099,2599400
-121.58,699.43,496,39570,8028,21019,7775,45.3933,2123000
-121.57,659.09,413,36465,7005,20546,6572,43.1802,2003100
-121.56,739.66,489,44139,9040,26993,8506,45.7526,1980300
-121.55,664.16,480,38254,7576,18732,6951,43.4318,1621600
-121.54,815.14,516,68875,13861,36691,12947,55.4355,2127400
-121.53,698.67,432,77080,15321,35081,14398,56.7341,2004200
-121.52,660.13,443,46378,9367,22347,8963,53.6144,2200400
-121.51,730.53,642,40210,7485,18252,7198,64.6949,3055000
-121.5,924.67,743,62527,13093,31009,12448,74.9895,3475600
-121.49,1196.32,1085,89922,19530,45474,18079,82.1098,3450600
-121.48,1308.99,1321,74380,16279,40406,15464,90.8245,4205000
-121.47,1583.31,1455,78110,17842,43498,16539,95.7427,4139700
-121.46,1428.36,1246,92438,19060,50495,17618,94.3418,3814300
-121.45,1540.26,1344,89093,17755,46265,16787,112.2152,4395900
-121.44,1843.22,1347,156267,29739,77926,27766,144.2702,5243700
-121.43,1455.1,1356,71708,14883,38006,14258,106.4549,4097200
-121.42,1606.94,1147,120892,25057,69242,23448,119.8241,4513700
-121.41,810.43,484,72596,17392,36021,15768,59.996,2408600
-121.4,915.04,676,82492,15716,41395,14709,78.1744,3735700
-121.39,1003.65,775,73079,14569,33977,13496,86.2195,3843700
-121.38,1190.53,818,97874,18101,49160,17231,109.0147,4354000
-121.37,1652.46,1175,104200,19055,49649,18537,162.1339,6358500
-121.36,1420.26,746,109904,20073,50379,19167,155.4635,5715000
-121.35,1304.98,597,160105,29549,77568,27858,140.1876,4797900
-121.34,1457.64,728,107492,20015,52022,19193,157.1386,6172600
-121.33,1491.09,873,114323,22061,52316,21035,134.525,5355400
-121.32,2218.54,1298,167603,32228,85832,30600,194.7666,7359900
-121.31,1605.82,1128,96831,19041,49919,18386,141.5657,5226900
-121.3,2414.73,1650,170070,33362,91290,32213,201.3006,7165200
-121.29,2135.67,1504,113897,23524,70347,22123,170.1656,6896700
-121.28,2069.54,1457,155700,31739,85938,30183,168.7485,6412500
-121.27,1836.97,1394,100774,21113,55488,19837,143.9695,5561900
-121.26,1298.3,912,75114,15021,41001,14347,106.5046,3936300
-121.25,1301.86,787,85009,15107,45607,14565,119.5943,4414700
-121.24,1265.87,649,95821,16095,45544,15345,116.4291,4620800
-121.23,1260.99,845,62980,12028,32251,11193,120.0872,4591900
-121.22,1108.41,672,61027,11604,32757,10934,97.1334,3859400
-121.21,689.64,390,45902,7950,22000,7644,63.2552,2780600
-121.2,879.46,489,46186,7982,22765,7591,96.6579,3558500
-121.19,503.45,235,30811,4692,13425,4996,52.201,2336600
-121.18,658.94,342,41859,7345,18098,6682,65.0641,2969900
-121.17,268.51,156,18665,3216,10297,3074,28.7633,1492200
-121.16,349.72,208,24925,4581,12096,4299,33.21,1418100
-121.15,350.66,181,33180,5611,20137,4787,39.4311,1749000
-121.14,535.94,262,40273,6840,16864,5945,54.9927,2489700
-121.13,565.48,365,34982,6305,18235,6022,53.4629,2188300
-121.12,302.09,151,17946,3609,9617,3030,24.7306,1333700
-121.11,381.98,208,25447,4723,10955,4168,31.7649,1582700
-121.1,345.77,188,15444,3227,7919,2954,28.5797,1325300
-121.09,462.27,316,23411,4092,10994,3806,39.1508,1675600
-121.08,467.7,229,34860,6138,16020,6147,40.6032,1917000
-121.07,547.09,354,33788,6141,14685,5783,45.6156,2060000
-121.06,923.16,496,77074,13398,34368,12632,90.9239,4094300
-121.05,462.75,285,27684,4897,13239,4665,40.1698,1840500
-121.04,725.09,386,50416,9831,25957,9101,57.7454,2785000
-121.03,762.81,533,47281,9217,24060,8451,60.3383,2256100
-121.02,1025.25,715,67104,13292,39298,12833,75.6442,3238400
-121.01,790.92,625,51720,10254,27974,9686,61.4033,2666300
-121,1137.3,798,52957,10548,27300,9796,91.4093,3946200
-120.99,915.05,634,59309,11478,28329,10777,70.5786,3012200
-120.98,1025.5,665,66306,12554,33678,12500,86.2939,3573500
-120.97,869.56,450,66585,12311,39356,11954,78.4134,3371900
-120.96,648.27,417,34426,6764,18561,6412,52.6745,2030900
-120.95,715.73,481,56264,10736,28024,9704,62.4656,2819000
-120.94,647.16,352,51284,9790,25513,8933,55.3832,2347000
-120.93,572.7,211,42548,7430,17972,6377,51.8166,2091500
-120.92,342.01,241,12705,2411,5588,2139,22.5892,1761400
-120.91,384.61,197,30506,5561,15059,5080,30.4851,1355800
-120.9,339.97,181,23666,4570,11771,4141,26.4344,1280100
-120.89,336.79,259,16104,3252,7588,2591,23.9919,1482100
-120.88,342.41,140,18331,3495,8764,3166,31.4021,1240800
-120.87,608.96,337,41895,8183,20631,7427,50.3635,2080200
-120.86,598.56,396,42389,8601,22747,8051,44.0585,2010100
-120.85,860.26,623,39977,8464,22502,7863,54.6699,2696900
-120.84,963.69,474,65975,13607,34171,12740,83.4029,4041500
-120.83,561.05,285,37879,7256,18011,6840,50.2786,2288400
-120.82,295.36,146,19162,3447,8598,3215,29.12,1440000
-120.81,305.5,199,20164,4143,9158,3702,22.024,1227300
-120.8,262.36,170,11344,2068,5805,1947,23.1802,1057700
-120.79,491.32,306,27281,5174,13989,4733,38.9648,1669000
-120.78,116.19,78,11767,2260,5479,2168,8.7853,390100
-120.77,191.1,89,12788,2752,6239,2035,12.1339,572800
-120.76,454.86,224,36358,6797,18182,6167,36.6113,1680300
-120.75,112.5,83,6233,1164,3456,1034,9.936,328100
-120.74,156.44,80,5815,1203,2242,779,9.7246,381700
-120.73,114.39,77,3895,824,2311,631,8.676,229700
-120.72,303.1,146,18138,3609,8433,3133,24.4119,1028700
-120.71,379.34,165,20443,3921,11409,3490,36.6025,1443200
-120.7,326.79,190,26225,4827,18071,4395,32.6926,1945300
-120.69,620.19,437,36968,7646,18653,6918,48.1746,2644000
-120.68,284.9,197,19072,3844,9244,3586,25.0501,1567600
-120.67,477.63,254,47385,8669,23116,8553,35.3972,2376501
-120.66,762.41,549,57379,12847,27432,11361,57.1117,4041000
-120.65,620.02,430,37944,7836,22801,7161,45.803,2965700
-120.64,439.02,201,35105,7275,20297,6673,29.8515,1556900
-120.63,333.9,153,25703,5129,12759,4805,28.2359,1049800
-120.62,404.16,212,32308,6314,16051,5737,32.8226,1516700
-120.61,429.92,232,31221,6374,17287,6049,34.5354,1775200
-120.6,401.37,258,28557,5436,14249,5133,33.6438,1377100
-120.59,440.6,236,51478,9962,29848,9171,38.0118,1622700
-120.58,229.54,137,15441,3205,7219,2322,15.3596,604300
-120.57,406.87,255,24220,4934,12579,4416,30.5981,1426900
-120.56,220.64,109,24383,4439,9458,3635,21.3513,1117700
-120.55,345.74,191,21683,4345,9610,3684,22.8392,903900
-120.54,228.17,125,10256,2026,5149,1799,15.284,570200
-120.53,39.79,18,1234,266,543,201,2.5156,71900
-120.52,70.3,16,5730,1038,2658,968,9.3878,583000
-120.51,305.21,191,15941,3359,13885,2814,23.8757,762800
-120.5,260.54,132,26065,4979,14877,4841,21.5733,780700
-120.49,374.04,242,20039,4595,14049,4298,21.665,841000
-120.48,554.1,348,37520,7611,22361,7151,41.8459,1689100
-120.47,677.12,360,49406,9749,26137,9202,59.3554,2417900
-120.46,833.22,478,53080,10988,27458,10024,63.548,2622200
-120.45,1202.75,752,66856,13493,43725,12665,115.7843,4660600
-120.44,852.4,507,55838,11106,32966,10593,81.1279,3229200
-120.43,957.18,620,53759,9772,26969,9181,100.6887,4228900
-120.42,539.05,346,41055,7731,18453,7197,49.7432,2108600
-120.41,467.41,212,25380,4625,11887,4252,49.9525,1837000
-120.4,328.79,153,16060,2655,7549,2775,30.0616,1444200
-120.39,223.27,166,11447,2371,6158,2123,14.3672,789500
-120.38,338.14,208,14667,3216,8552,2966,20.6963,820100
-120.37,370.67,221,22402,4114,8150,3222,31.7796,1380400
-120.36,150.93,76,8133,1696,3763,1368,9.3939,327400
-120.35,416.44,204,15231,3314,6913,2494,30.3391,1400600
-120.34,76.48,27,9254,1778,1543,631,6.7321,232900
-120.33,188.4,84,10894,1984,3235,1272,16.8495,961600
-120.32,151.2,76,2494,461,1428,356,11.8971,331500
-120.31,224,160,9919,1952,5450,1681,14.7624,563100
-120.3,225.34,106,12205,2347,4551,1693,16.1759,854800
-120.29,148.39,78,10624,2025,5579,1771,11.3558,475900
-120.28,114,43,5138,1013,2008,745,8.7459,403600
-120.27,373.45,185,22734,4518,8007,2785,29.3082,1042500
-120.26,189.68,119,11375,2342,3528,1359,13.8698,426200
-120.25,339.92,186,23351,4583,7999,2810,24.5705,929100
-120.24,231.87,176,10589,2005,3620,1194,17.6096,633700
-120.23,192.72,103,7334,1395,2640,999,14.1276,544300
-120.22,153.09,58,15442,2726,3856,1246,13.1555,635400
-120.21,113.1,48,4326,810,2039,612,9.7123,370300
-120.2,263.59,135,26997,5171,8231,3303,25.645,1050600
-120.19,303.93,173,18292,3553,6370,1989,19.7621,872400
-120.18,223.55,124,18331,3090,3622,1288,20.0653,1177100
-120.17,117.98,42,4081,834,1681,628,8.6125,347000
-120.16,225.88,119,9411,1811,2801,986,20.9043,1195601
-120.15,234.37,112,8640,1752,2187,901,24.3872,896500
-120.14,175.82,115,10532,2184,5448,1928,14.7291,917500
-120.13,184.36,96,6850,1380,3133,944,14.6811,727900
-120.12,225.3,122,14654,2948,5176,1877,18.2127,716300
-120.11,184.69,90,12885,2168,4020,1454,23.1188,1136300
-120.1,420.35,208,21660,3929,7983,2395,35.4268,1935601
-120.09,295.71,113,17219,3350,10169,2886,25.0093,926700
-120.08,521.07,358,25525,4837,11705,3857,48.3411,2095700
-120.07,335.12,230,16032,3248,7549,2622,22.8701,735600
-120.06,452.01,309,26846,5304,11715,3604,26.3136,1402800
-120.05,256,167,12919,2885,9095,2669,15.0881,761700
-120.04,373.43,235,25168,5073,13341,3974,28.9115,1265601
-120.03,77.08,41,10047,1946,1334,525,5.9583,251300
-120.02,422.21,242,22468,5019,10271,3416,28.4945,1156400
-120.01,307.28,194,16093,3435,5691,2427,21.0174,1040500
-120,305.67,158,17936,3358,4289,1596,25.9596,1059200
-119.99,266.09,168,13505,2823,4362,1842,17.0771,781000
-119.98,459.37,292,22880,4689,10040,3527,34.8427,1156000
-119.97,150.88,85,4966,1064,2991,755,9.3557,300400
-119.96,191.64,110,9421,2099,4850,1500,12.6485,503700
-119.95,267.02,155,10255,2464,5141,1683,16.4954,840600
-119.94,153.87,83,6134,1391,2602,972,11.5986,529100
-119.93,187.03,114,14255,2966,9108,2125,13.9054,611500
-119.92,110.12,50,7396,1192,2759,888,14.7243,684900
-119.91,108.46,70,6377,1120,3284,1050,13.5298,528600
-119.9,184,109,8835,1584,4771,1494,14.9459,528700
-119.89,252.5,181,15185,2616,8399,2578,26.7196,995900
-119.88,353.97,172,28341,5600,15346,5376,40.5908,2040500
-119.87,367.29,166,25079,4606,13397,4513,34.6424,882300
-119.86,357.68,195,20114,4948,12574,4557,23.9394,1492200
-119.85,803.15,357,46766,8911,27429,8303,89.2289,2564800
-119.84,584.58,299,41970,7307,19798,6738,75.55,2543500
-119.83,762.27,559,43510,9091,23694,8623,67.5336,2318600
-119.82,1017.82,755,57680,11424,28549,10865,90.6529,3136700
-119.81,1312.26,1256,80706,14396,37203,13645,122.6738,4124700
-119.8,1021.68,911,59038,11721,30325,11083,80.9533,3049900
-119.79,1238.91,1025,71530,14952,41825,14134,93.1202,3455601
-119.78,1277.59,961,75073,14507,41334,14166,105.8869,4232602
-119.77,1351.55,1039,97090,18598,52014,17980,120.697,3985801
-119.76,880.13,726,72391,15935,44583,15159,56.5533,1864200
-119.75,795,639,62931,11628,35346,12074,65.5689,3351501
-119.74,828.42,646,78518,16379,45426,15262,72.2157,3510100
-119.73,1007.06,703,62359,12096,36239,12423,95.5555,4879000
-119.72,1211.2,960,70736,13763,35513,14237,111.3892,6492601
-119.71,1171.52,948,70856,15856,37228,15006,106.9376,6927500
-119.7,812.24,754,40818,9534,24183,9179,69.5537,5091001
-119.69,1336.68,932,68580,13108,37623,12573,125.6679,5663001
-119.68,615.27,386,33323,5903,19046,5928,64.796,2427801
-119.67,720.9,402,44299,8138,24077,7759,77.9183,3760001
-119.66,324.23,178,20937,4084,10703,3890,30.1431,1553902
-119.65,474.57,358,23811,4768,11732,4389,34.0869,1088000
-119.64,508.37,372,35351,6691,16540,5775,46.5987,2152202
-119.63,504.85,382,27818,4983,12953,4518,57.4908,2555303
-119.62,183.41,77,12860,2522,7581,2399,14.2302,430100
-119.61,324.76,235,18771,3634,10178,3353,31.7671,1543402
-119.6,220.23,179,9534,1931,5976,1872,12.8935,458200
-119.59,288.77,213,12195,2341,6036,2066,28.2071,1469201
-119.58,182.5,116,13778,2338,7911,2294,15.1024,449400
-119.57,509.97,292,28528,5479,14591,5014,44.0616,1516800
-119.56,437.42,325,19980,4164,12489,3916,27.7911,792900
-119.55,438.07,318,21712,4839,16472,4565,30.7077,1250001
-119.54,184.85,106,7307,1387,4994,1291,14.918,492700
-119.53,287.12,200,16896,3524,8036,2639,24.2123,1423000
-119.52,176.52,117,10796,2238,7246,2089,15.144,905100
-119.51,174.97,113,10323,1887,4575,1702,20.1797,1675901
-119.5,142.98,116,6664,1209,3601,1115,21.668,728201
-119.49,108.07,62,9255,1947,4734,1810,8.2496,418300
-119.48,181.65,134,9972,1849,5670,1707,15.5619,417700
-119.47,142.36,114,14307,2577,6992,2469,12.2516,382000
-119.46,287.67,213,19036,3056,9772,3431,23.0876,590100
-119.45,542.37,457,27745,5166,14761,4994,41.2734,1137800
-119.44,294.58,200,11807,2487,9216,2461,17.8542,560600
-119.43,146.38,86,6260,1237,4348,1234,10.5639,330200
-119.42,142.91,91,5498,1076,3382,975,11.0113,268400
-119.41,73.03,38,3545,672,2335,628,5.6266,168200
-119.4,254.11,191,13722,2766,8215,2486,19.2065,626300
-119.39,180.59,151,8854,1881,5066,1686,14.1192,778501
-119.38,254.53,189,15469,2768,9923,2919,17.1576,513000
-119.37,181.44,124,6676,1306,4549,1319,14.3642,516300
-119.36,216.72,126,10383,2086,5858,1981,13.662,487000
-119.35,470.16,282,26782,5459,17073,5185,30.4506,961600
-119.34,613.91,341,39812,7926,21118,7237,47.4249,1540400
-119.33,579.7,319,39668,7279,21589,7469,51.4893,1476800
-119.32,688.27,358,36906,6773,18568,6273,65.1753,1976700
-119.31,646.7,451,32881,6664,20575,6285,54.4556,2105701
-119.3,570.94,451,42353,8788,24427,8183,46.4201,1951300
-119.29,1031.45,767,69986,15157,43863,14213,79.3994,4373501
-119.28,535.41,412,31483,6648,19519,6049,39.6982,1814000
-119.27,846.56,658,59508,11762,30154,10712,77.9775,4035000
-119.26,386.61,378,23854,4704,12512,4554,36.7899,2086900
-119.25,672.95,549,51633,10143,29793,9467,60.5176,2840600
-119.24,248.8,180,17530,3823,11291,3708,19.8377,820000
-119.23,628.89,449,59395,11774,29487,10715,70.5456,4117702
-119.22,346.02,225,28472,5750,18316,5511,35.5188,2126500
-119.21,561.03,361,50246,9741,24324,8345,59.1276,2678200
-119.2,486.52,285,47458,9784,28157,9344,48.7925,2324100
-119.19,899.93,735,69117,12688,46482,13122,100.1033,4987800
-119.18,721.78,508,51128,10569,36288,10849,74.4414,3952200
-119.17,684.3,527,52552,10766,39710,10514,76.4131,4143701
-119.16,381.24,222,35981,7596,24881,7147,40.2713,2054700
-119.15,276.65,184,25455,4927,15713,4267,28.8898,1542800
-119.14,386.24,266,16283,3444,10680,3311,32.6865,1757801
-119.13,141.84,82,17709,3330,12510,3309,13.9586,442400
-119.12,497.35,311,44744,8196,25264,7733,48.3606,1644100
-119.11,247.19,190,11316,2193,6057,2042,25.9597,959500
-119.1,358.83,208,23993,4872,14173,4510,28.6965,935100
-119.09,497.46,279,41192,7158,20849,6671,54.7816,1931900
-119.08,640.37,355,56234,10055,29145,9615,79.9878,2255700
-119.07,322.02,144,36265,7155,17088,6554,30.3679,945100
-119.06,771.66,539,67017,13581,38518,13007,71.1486,3232200
-119.05,737.13,480,75057,15330,42147,14669,69.3267,2847800
-119.04,740.48,563,53989,10338,29151,9939,63.4328,2664201
-119.03,1093.32,939,82717,15684,41293,15065,99.0787,3666800
-119.02,1170.89,1136,74066,15465,38294,13516,78.9395,2670300
-119.01,1098.3,932,78551,16512,45827,15552,62.8018,2050600
-119,565.42,537,26598,5657,14956,5233,42.6929,1516600
-118.99,853.31,737,51978,10728,26443,8258,55.0315,2030700
-118.98,784.05,619,34147,7753,21886,6543,52.5325,1964000
-118.97,536.97,460,30378,6465,17110,5100,39.3081,1301600
-118.96,637.39,462,58578,11314,27208,10064,59.094,2412201
-118.95,558.76,413,42564,7769,21268,7142,64.4325,2331800
-118.94,596.99,312,56964,9157,28029,8538,86.0072,3176302
-118.93,349.88,213,21237,4118,11668,3869,39.8203,1660700
-118.92,384,228,26301,5489,17084,5164,41.2823,1687100
-118.91,350.45,215,33237,6501,19052,6084,34.4238,1392600
-118.9,413.1,231,66853,10828,33590,10501,64.873,3431102
-118.89,137.12,101,6706,1255,3928,1146,17.916,1029400
-118.88,377.46,225,47711,7464,20987,7530,62.287,3305201
-118.87,276.25,171,25515,4608,12542,4307,41.5646,1772400
-118.86,414.18,304,23047,3834,11482,3679,70.1861,3392801
-118.85,480.66,346,39528,6715,18992,6460,75.9896,4156502
-118.84,205.02,90,28962,4797,12414,4709,35.5086,2032001
-118.83,309.81,150,35598,5630,15376,5311,54.2878,2560401
-118.82,174.85,139,18147,3176,9022,3040,21.8193,899900
-118.81,68.53,24,12825,2511,5832,2355,9.8767,517600
-118.8,171.23,86,23121,3197,9528,3472,29.1851,1523901
-118.79,102.67,51,6135,942,2499,904,17.6518,1100401
-118.78,170.99,94,40404,5812,17825,5539,32.347,1729301
-118.77,239.88,108,32966,5577,16513,5187,34.6272,1492400
-118.76,136.93,83,10820,1635,5173,1594,22.386,1178801
-118.75,513.82,338,55542,7671,25058,7737,85.1694,3915400
-118.74,279.18,179,23989,4355,12876,3720,40.0821,1874001
-118.73,173.13,81,21656,3396,10946,3299,27.3697,1180400
-118.72,171.27,81,35066,5785,15848,5831,28.219,1226700
-118.71,205.73,141,13204,2151,6804,2172,32.2143,1460900
-118.7,310.32,207,33998,6387,15233,4986,43.7538,1908000
-118.69,102.47,44,5044,587,1711,531,32.3538,1500003
-118.68,239.64,136,30310,5156,12831,4731,33.0362,2220302
-118.67,171.28,68,33700,4966,14036,4755,31.2449,1524701
-118.66,240.35,117,38431,6021,14833,5326,48.8075,2461802
-118.65,241.8,151,25236,3936,10987,3742,41.7476,2061801
-118.64,273.61,238,27654,4238,11916,4147,49.7016,2390400
-118.63,376.02,305,42770,6853,17561,6486,67.2463,3744700
-118.62,444.43,369,46139,7456,20626,7186,75.1381,3791901
-118.61,756.55,475,79255,14580,34270,13095,107.3968,5404600
-118.6,515.55,374,79333,17558,37872,15635,76.6749,4678801
-118.59,617.37,392,68407,14792,45390,14156,83.7832,4471500
-118.58,752.24,615,66269,12867,33263,12236,109.1145,6356703
-118.57,581.51,428,71496,11989,33108,11511,104.9077,5616404
-118.56,855.32,743,81050,13719,36461,13256,134.9335,7651706
-118.55,753.07,579,124400,19334,59421,20949,127.7373,7041104
-118.54,960.04,700,107221,19766,51568,18264,161.5242,8764605
-118.53,890.29,666,94658,19283,49925,18667,125.6275,7319004
-118.52,1300.2,1121,145736,29616,72423,27846,202.8308,11890807
-118.51,1129.39,1066,121809,20811,51424,19836,194.3212,10966608
-118.5,1197.01,1170,101849,18661,44528,19255,208.1529,11746210
-118.49,1536.85,1423,144982,27308,64125,26591,288.0437,16812015
-118.48,1947.42,1750,143791,31166,73040,28871,274.9858,18927914
-118.47,2083.77,1938,165342,39728,89161,36524,248,20339311
-118.46,2730.91,2422,249443,59601,132508,55357,353.705,25297916
-118.45,2709.39,2303,227675,53806,135520,50461,326.483,22270307
-118.44,3280.75,3008,226452,54357,126283,50195,399.4468,27923017
-118.43,3621.95,3465,279880,60392,146290,57266,511.2069,34246026
-118.42,3348.72,3281,230713,49549,131933,46589,462.799,31372619
-118.41,3304.91,3257,227554,50259,122438,47305,490.1796,32640825
-118.4,3340.03,3376,255657,50825,121541,49613,570.5692,36562831
-118.39,3274.07,3237,233624,51094,115513,48307,468.0598,34381721
-118.38,3640.26,3551,313425,68776,156211,64878,494.6249,35552014
-118.37,4357.65,4225,309748,69463,160948,66048,559.633,39095512
-118.36,4690.96,4952,313729,72620,180789,70360,526.1043,37605509
-118.35,4761.99,5063,347430,82695,195830,79007,504.9799,36104409
-118.34,4049.75,4648,278419,65008,156545,60683,480.8861,31304713
-118.33,3471.02,3918,250206,60360,144128,56175,387.1267,24840706
-118.32,4826.27,5651,296219,66509,167126,63381,551.9565,35806711
-118.31,5510.58,6088,349001,85914,228940,81071,511.3457,37259303
-118.3,5439.79,5610,369959,100417,283764,96287,462.1417,31987902
-118.29,5029.25,4930,321066,90226,257296,84957,390.6128,28596102
-118.28,4793.24,5297,249166,69887,224084,67043,355.7941,25726302
-118.27,4898.42,5170,257679,65709,211677,63397,407.4105,25732501
-118.26,4116.21,4485,227276,56392,179992,54085,328.2785,20496302
-118.25,4353.36,4657,212641,56917,177549,53888,312.785,19782800
-118.24,3402.56,3560,158640,38902,128215,37225,274.2429,16388600
-118.23,3099.38,3194,144767,34171,117431,33368,272.9268,16799200
-118.22,3401.09,3503,183225,43531,152264,41880,316.3641,17303102
-118.21,4011.99,4488,194745,47348,176829,45975,363.1458,20012804
-118.2,4280.35,5011,229519,57249,203632,54577,384.7706,21609803
-118.19,4588.76,4927,254312,62653,207205,60135,400.0956,23063503
-118.18,4081.01,4297,235890,58194,182285,54908,378.953,22080603
-118.17,3603.99,3693,212095,51326,164013,49042,345.842,19054002
-118.16,3505.29,3435,245588,55750,162547,52767,346.8499,20652304
-118.15,3950.87,4159,261484,60293,163701,56997,383.6559,24976003
-118.14,4256.31,4659,291238,66569,173624,62997,447.649,27835503
-118.13,4114.83,4468,259142,57718,144893,55183,482.015,29220005
-118.12,3811.12,3929,262196,54615,148046,52813,461.7589,27241407
-118.11,3396.07,3412,226960,44274,121805,42669,458.55,25278305
-118.1,3706.21,3762,248548,49711,146469,48328,479.3956,25540906
-118.09,3332.82,3217,246519,49053,143497,46783,399.9256,20699503
-118.08,3362.82,3080,231630,48517,146601,46634,386.0278,20231403
-118.07,2447.29,2192,174983,33068,107759,32763,314.6497,17055201
-118.06,2381.63,2197,193936,37271,106289,35858,328.3246,17449106
-118.05,1938.14,1713,144746,27165,86497,26749,255.2374,14342502
-118.04,2546.95,2344,187692,36225,109491,34912,341.4719,18330304
-118.03,2580.62,2307,195473,38731,115112,37096,327.7822,17948902
-118.02,2716.07,2394,228403,43720,133027,41938,365.5395,19089601
-118.01,2545.72,2155,207578,42288,123207,40200,331.8319,16639801
-118,2204.61,1848,152158,30509,85827,29095,270.8238,14250700
-117.99,2980.05,2244,224347,46961,138368,45407,355.1684,18927601
-117.98,2981.87,2165,245633,44767,143639,44812,409.7277,18945400
-117.97,3185.19,2467,231969,43559,136522,42972,418.4197,20528401
-117.96,3287.36,2678,229944,43438,134583,42059,429.7006,21286500
-117.95,3152.33,2454,231728,44899,133275,43183,427.4069,20548102
-117.94,2574.09,2183,178913,35360,105835,34005,328.58,16994402
-117.93,3182.99,2732,216452,44033,137263,42241,403.2432,20282104
-117.92,3047.49,2537,197641,40351,120380,39045,388.7456,20453404
-117.91,2773.58,2301,207929,43216,137489,43582,331.4791,19092107
-117.9,3389.4,2689,277617,57423,183986,54960,439.3793,22950206
-117.89,2709.5,2245,169095,36102,108396,33909,342.6671,17407306
-117.88,2572.69,1944,219318,45355,138246,43248,332.6912,16828702
-117.87,2676.61,1885,234064,45715,133952,44445,382.3972,20392108
-117.86,2131.88,1592,149365,27721,99649,27746,286.5116,14672805
-117.85,1490.65,1149,126779,23726,72047,22932,232.3898,11575604
-117.84,1357.34,843,139859,27585,74912,26309,179.975,8639801
-117.83,1251.8,737,161400,29516,80740,28170,186.9426,9214000
-117.82,1420.34,907,119597,20333,60187,19506,247.2352,11691002
-117.81,1521.99,791,161488,26799,75015,25594,284.3734,13842005
-117.8,1486.59,832,134588,23433,61883,22095,256.9975,13117804
-117.79,1049.62,555,126593,20393,58278,19489,200.7095,9491503
-117.78,1083.7,571,149247,24492,72886,23522,185.5229,9057303
-117.77,1080.66,651,91416,16515,42536,15392,176.0131,9015103
-117.76,1291.16,844,134846,22570,67389,21416,205.6316,9906003
-117.75,950.22,811,89403,17178,44681,16239,108.3268,5297300
-117.74,883.5,615,109586,20044,57350,18294,103.8091,4913201
-117.73,883.36,713,80484,14647,41796,13829,115.4127,4978402
-117.72,913.65,611,88295,16707,41311,15673,105.519,5141602
-117.71,1351.33,759,145493,26538,72608,24908,192.6623,8851901
-117.7,1420.86,618,158195,29044,74046,26857,196.2908,9278801
-117.69,1592.26,741,147510,26194,71628,24615,240.64,10872601
-117.68,1502.13,694,156583,27974,77502,26420,231.9925,9352302
-117.67,1287.93,632,120886,23218,60099,21868,179.1743,7825202
-117.66,1870.45,1110,163718,26678,81144,26639,282.6154,11936501
-117.65,1491.01,1038,122759,19827,57442,19965,222.7951,9969302
-117.64,1288.67,782,118327,21406,61298,20058,167.8706,7714200
-117.63,676.68,330,72666,13232,36629,11825,95.5469,4482601
-117.62,846.39,523,89051,16435,47875,14866,109.7773,5353301
-117.61,711.14,352,95517,16762,47021,16271,99.3433,4828800
-117.6,574.6,314,57350,10020,29285,9451,83.6502,3705200
-117.59,675.71,228,85913,16405,43498,15474,102.9168,4395700
-117.58,610.04,250,86175,15546,43399,14143,79.9797,3667901
-117.57,407.48,220,42600,7956,21162,6734,50.0727,2126100
-117.56,339.88,194,27998,5227,14627,4888,38.2972,1837500
-117.55,474.87,263,52040,9217,27598,8927,61.5944,2897501
-117.54,204.83,40,35400,6128,17308,5457,24.1545,900600
-117.53,373.66,208,25763,4998,15226,4457,54.1596,2191000
-117.52,203.25,93,39123,6578,19474,5820,26.1575,1022000
-117.51,306.42,175,35457,6782,18563,6445,34.717,1474700
-117.5,408.39,190,49974,8483,25970,7464,52.1754,1762300
-117.49,373.42,199,48311,9064,26574,8223,47.656,1730900
-117.48,442.04,309,41778,7990,27229,7738,45.6504,1537000
-117.47,339.82,226,42239,7726,23924,6978,33.2343,1219200
-117.46,545.04,292,65492,12947,36891,11108,50.2356,1958900
-117.45,340.22,181,42189,8978,27026,8299,28.8452,1098600
-117.44,544.09,394,50397,9330,28653,8886,69.9137,2151900
-117.43,679.72,469,71850,13930,39525,12719,73.7209,2834900
-117.42,612.2,392,93709,18096,74587,17208,64.4466,2234300
-117.41,817.7,627,59800,12634,32309,11698,74.8564,2677400
-117.4,850.38,664,67075,12023,38004,11191,84.3519,3222900
-117.39,748.55,550,69549,12406,39382,11996,83.2758,2754400
-117.38,1049.24,683,105623,21567,57354,18859,97.1273,4845100
-117.37,1082.35,932,80113,16761,48832,15366,96.1576,4375100
-117.36,812.21,559,95856,17686,49580,16094,80.2395,3670001
-117.35,1046.88,704,99378,19789,56990,18206,110.6395,4516401
-117.34,1149.76,698,132673,26451,71735,25881,118.5211,5223900
-117.33,1184.79,822,97730,19070,52295,17425,97.746,4248200
-117.32,1459.08,1034,115324,22526,61020,21003,132.5534,5703001
-117.31,1794.05,1262,161053,31862,80906,29632,178.4031,8031703
-117.3,1422,1221,108894,22322,57223,20345,126.5235,6064602
-117.29,1453.03,1121,149979,29742,75444,26994,135.2869,6367002
-117.28,1583.33,1189,125043,25824,67427,23846,146.6466,7901100
-117.27,2050.7,1305,238139,44198,111084,39645,231.0576,12795603
-117.26,1500.39,933,128578,24057,57129,21780,209.684,12293311
-117.25,2962.46,2069,287425,56160,140652,52398,375.9249,22165906
-117.24,2358.7,1523,205189,39702,96180,36546,304.7747,16399902
-117.23,2260.04,1294,224087,44246,112125,41462,274.384,13867903
-117.22,1799.3,1018,218432,43132,106492,39572,212.6118,11269101
-117.21,1700.06,1026,183370,32769,79177,29584,226.6959,10633602
-117.2,1602.41,1028,202814,36410,81439,31561,187.4704,9151900
-117.19,1599.3,1254,151668,27909,68841,25255,203.6386,9994702
-117.18,1726.58,1418,158819,30733,79273,28739,203.6833,11553704
-117.17,1591.44,1291,148812,29008,66804,25165,178.7018,10039801
-117.16,1423.45,1147,129488,28653,63586,25407,132.6576,8174200
-117.15,1458.59,1129,117216,22765,57360,21219,163.3468,7875500
-117.14,2175.72,1813,156085,32411,86088,31308,210.998,10095500
-117.13,2437.63,2033,161457,35279,86326,32764,239.2705,11600400
-117.12,2009.35,1590,180329,37600,91792,34292,188.6938,8836400
-117.11,2333.79,1880,153445,33362,89834,31653,207.7654,9585400
-117.1,2069.55,1420,175747,40341,109196,36820,178.0743,8629800
-117.09,2592.23,1968,173028,38234,105602,36753,236.9078,11465100
-117.08,2631.94,1857,229637,48141,128386,45102,268.1474,12726101
-117.07,2366.48,1623,212144,43051,107841,39131,256.8479,12074700
-117.06,2303.17,1604,190440,38817,113194,36865,254.6599,10974400
-117.05,2238.38,1544,207411,38569,110404,37231,278.451,11578300
-117.04,1711.45,1029,194845,37029,104877,35696,215.6854,8836100
-117.03,1419.18,926,132124,24736,68530,24069,180.5953,7526300
-117.02,1294.58,842,110347,19997,54363,19507,148.2255,6046299
-117.01,1156.94,782,128066,23375,62402,23033,134.9574,5851700
-117,660.87,448,68509,13155,33848,12049,84.5484,3321000
-116.99,1094.75,674,142468,26582,63386,24056,132.6737,5684301
-116.98,928.36,536,96782,17667,48556,16539,116.3195,4603900
-116.97,761.38,528,92934,18500,51272,17557,77.3999,3322900
-116.96,765.21,449,75892,16421,43503,15565,67.7948,3154500
-116.95,930.71,497,112999,23312,58379,21736,89.6397,3858900
-116.94,563.73,381,92111,18444,41249,15342,59.5473,2596700
-116.93,496.45,253,57669,10864,29416,10900,48.2283,2228300
-116.92,492.92,285,35728,6590,18679,6408,61.2355,2538000
-116.91,496.66,245,69530,11890,31055,10989,65.5634,2851400
-116.9,469.15,245,42499,7939,19547,6914,46.3428,2207900
-116.89,434.91,190,37579,7011,16376,5918,48.7672,1931700
-116.88,336.17,242,30545,6239,12616,4527,35.428,1629100
-116.87,268.82,164,24456,4739,12163,3865,27.2768,1151600
-116.86,336.06,163,32594,5969,11419,3877,38.9733,1539900
-116.85,170.58,85,26029,5447,7468,2644,15.3566,601100
-116.84,164.89,67,13223,2327,6458,2122,21.536,956300
-116.83,99.89,39,14438,2882,3850,1389,12.9788,469100
-116.82,34.24,11,5799,1527,713,262,2.5147,84700
-116.81,33.9,17,2009,469,820,381,1.3286,81800
-116.8,100.12,49,5028,773,2102,689,13.3929,538100
-116.79,99.44,47,7252,1374,3524,1279,8.5684,527900
-116.78,33,7,12480,1946,5102,1697,5.5102,221000
-116.77,99.82,48,7401,1602,3972,1483,10.1467,525000
-116.76,201.7,64,17022,3569,6393,2283,16.8902,818000
-116.75,99.5,50,13488,2396,4145,1488,14.2015,669400
-116.74,66.95,28,6575,1607,2484,915,5.3885,372500
-116.73,34.52,16,1247,315,433,159,1.0568,75000
-116.72,68.45,27,7693,1557,2890,1065,5.2144,204600
-116.71,67.69,37,11214,2270,2083,942,6.0833,216800
-116.69,33.5,13,1187,255,442,179,1.9107,155700
-116.68,66.87,47,5280,1085,1659,579,5.7679,317400
-116.67,32.97,16,349,74,120,43,5.359,193800
-116.66,65.88,37,2221,272,1450,340,7.8061,462500
-116.63,33.89,22,1540,364,610,268,1.5227,71000
-116.62,67.09,32,10553,2566,3618,1436,5.6295,236500
-116.61,66.97,46,2843,609,773,330,6.6806,266200
-116.6,66.55,39,5461,1192,1958,850,4.9643,286400
-116.58,65.78,55,5077,1100,2467,844,5.9279,250900
-116.57,204.61,110,21853,4257,9901,2934,20.2226,1026400
-116.56,100.94,66,10678,2289,3555,1548,9.2738,539700
-116.55,33.84,28,2992,562,676,346,5.7613,500001
-116.54,202.9,123,41455,9634,11871,5864,14.9384,929000
-116.53,169.3,85,28436,5899,10115,4090,15.4126,683800
-116.52,202.19,94,43022,8776,13869,5870,21.0683,829800
-116.51,204.93,101,22197,6021,8435,3611,12.6093,404100
-116.5,169.25,77,21766,5138,10113,4125,12.6341,643400
-116.49,67.62,40,12105,2511,3636,1220,6.6965,214800
-116.48,202.94,63,23838,5491,5222,2628,15.0718,658400
-116.47,203.21,103,33061,6906,15928,5860,19.683,620000
-116.46,135.17,74,15525,3566,7045,2367,10.0197,378600
-116.45,100.23,47,13442,2841,5104,2163,8.8969,360800
-116.44,169.72,77,18462,4289,5281,2801,16.3925,759700
-116.43,135.44,66,20282,3789,6310,2709,15.9215,931201
-116.42,134.74,67,28097,4927,4705,2400,17.3558,868100
-116.41,67.48,42,6764,1369,1868,827,5.8298,346600
-116.4,101.99,33,13562,2461,5234,1981,12.8191,435000
-116.39,135.38,59,36003,7031,11513,4775,15.24,514500
-116.38,169.48,54,49013,9930,13487,6087,18.8607,768400
-116.37,134.32,55,28512,5908,7886,3398,16.6941,690400
-116.36,67.66,17,36678,7620,6629,3453,5.1643,317800
-116.35,66.87,25,4564,1012,1851,716,3.2628,173000
-116.34,33.36,24,2746,514,731,295,3.3214,176400
-116.33,101.62,29,33242,6334,6065,2835,13.0231,569000
-116.32,101.52,47,7927,1715,2724,1296,7.7143,235200
-116.31,202.51,80,29295,5714,12741,4510,19.3721,573100
-116.3,33.68,10,2387,481,863,304,2.8882,137500
-116.29,135.31,38,25826,5123,8307,3482,15.7704,658800
-116.28,32.84,18,382,128,194,69,2.5179,58800
-116.27,34.13,37,452,109,184,59,3.7292,65800
-116.26,100.44,30,17775,3333,4234,1769,15.3909,571900
-116.25,134.93,78,3748,911,2027,742,11.2614,577100
-116.24,134.92,58,19004,4424,10746,3560,13.4155,389200
-116.23,101.16,78,10988,2896,9729,2668,7.0893,239000
-116.22,205.1,138,13049,3171,6792,2130,13.7883,396800
-116.21,168.52,122,8676,1972,8704,2098,12.558,420200
-116.2,99.97,77,5159,1307,4298,1024,6.2637,218700
-116.19,67.36,27,7551,1822,7676,1750,4.268,141500
-116.18,67.36,42,2977,673,3019,681,4.5891,221700
-116.17,100.86,53,5937,1515,6515,1383,6.6307,172000
-116.16,33.68,12,1230,277,1334,260,2.2679,61400
-116.15,101.47,50,5220,1258,3478,1025,7.5982,260500
-116.14,68.67,44,12094,2949,11902,2040,4.1362,185300
-116.12,33.53,17,2421,820,2971,685,1.654,100000
-116.11,33.64,20,1273,354,1548,355,2.0871,84700
-116.09,34.15,13,9444,1997,4166,1482,2.6111,65600
-116.08,33.86,16,381,89,182,75,2.425,76100
-116.06,68.35,44,11579,2621,4890,1963,3.5837,133700
-116.05,67.45,36,591,159,285,113,4.8542,146900
-116.02,34.18,8,569,97,312,96,4.3021,94500
-116.01,66.92,44,4981,1473,4701,1200,4.6028,129200
-116,100.05,74,4542,1049,1768,735,4.8227,152900
-115.99,33.4,15,1945,536,515,273,2.0109,54300
-115.98,33.32,8,240,46,63,24,1.4688,53800
-115.96,33.3,27,322,81,112,57,1.125,54400
-115.95,33.28,12,99,25,37,17,1.8958,53800
-115.94,33.38,5,186,43,41,21,2.7,58800
-115.93,35.55,18,1321,272,754,226,3.4028,67500
-115.91,33.36,15,459,95,160,73,0.922,67500
-115.9,66.03,37,1624,334,427,209,3.3274,120300
-115.88,32.93,15,208,49,51,20,4.0208,32500
-115.85,34.2,34,3868,1257,890,423,1.3571,41000
-115.84,33.49,20,1660,379,637,250,2.0347,68900
-115.8,33.26,2,96,18,30,16,5.3374,47500
-115.75,35.23,5,208,78,132,56,2.5333,75000
-115.73,132.6,113,3259,870,1278,469,8.0942,261300
-115.72,32.75,16,348,99,123,54,2.0938,87500
-115.69,32.79,18,1564,340,1161,343,2.1792,55200
-115.64,65.55,42,1605,304,767,290,4.7917,237500
-115.62,66.08,37,2130,475,1511,447,4.3432,123200
-115.6,99.11,71,2652,565,1547,510,9.9276,247400
-115.59,131.29,75,5567,904,2984,837,17.0312,458600
-115.58,165.07,55,7235,1549,3893,1402,18.7652,430000
-115.57,459.27,365,21090,4374,13589,4220,44.8225,1071700
-115.56,360.82,286,19266,4619,13702,4275,30.0363,870400
-115.55,229.94,164,11258,2342,7148,2145,19.0201,549800
-115.54,197.51,161,9562,2087,6471,2016,13.7807,413300
-115.53,166.57,120,8726,2043,6282,1827,9.918,294400
-115.52,330.54,214,15098,3336,12341,3131,19.6667,625600
-115.51,132.03,84,7293,1638,5707,1540,8.29,226400
-115.5,98.1,66,6120,1477,6081,1463,7.1814,306400
-115.49,163.57,114,7612,1781,6718,1755,9.2462,394700
-115.48,65.48,36,4674,912,2902,861,4.9491,179700
-115.46,33.19,33,1234,373,777,298,1,40000
-115.41,32.99,29,1141,220,684,194,3.4038,107800
-115.4,65.56,38,1670,284,1180,307,5.002,209600
-115.39,32.76,16,1136,196,481,185,6.2558,146300
-115.38,65.63,73,3155,656,2125,615,3.8897,133300
-115.37,131.26,99,5077,1077,3486,1040,9.6308,294900
-115.32,32.82,34,591,139,327,89,3.6528,100000
-115.22,33.54,18,1706,397,3424,283,1.625,53500
-114.98,66.89,33,1827,492,511,179,6.3704,128800
-114.94,34.55,20,350,95,119,58,1.625,50000
-114.73,33.43,24,796,243,227,139,0.8964,59200
-114.68,33.49,20,1491,360,1135,303,1.6395,44400
-114.67,33.92,17,97,24,29,15,1.2656,27500
-114.66,32.74,17,1388,386,775,320,1.2049,44000
-114.65,101.28,66,4278,942,1735,684,5.5215,189000
-114.64,34.83,10,2502,573,1152,481,1.7062,86800
-114.63,32.76,15,1448,378,949,300,0.8585,45000
-114.62,33.62,26,18,3,5,3,0.536,275000
-114.61,103.29,95,4956,973,3041,932,7.545,180500
-114.6,102.05,83,7226,1593,4403,1532,6.4955,196600
-114.59,68.44,75,5601,1175,3509,1214,3.8865,106900
-114.58,67.24,54,4294,916,2512,872,6.0206,156400
-114.57,100.73,61,3128,698,1256,522,7.2,183900
-114.56,33.69,17,720,174,333,117,1.6509,85700
-114.55,32.8,19,2570,820,1431,608,1.275,56100
-114.49,33.97,17,2809,635,83,45,1.6154,87500
-114.47,34.4,19,7650,1901,1129,463,1.82,80100
-114.31,34.19,15,5612,1283,1015,472,1.4936,66900
(blank),,,,,,,,
Grand Total,735441.62,591119,54402150,10990309,29421840,10310499,79890.6495,4269504061
